question,option_a,option_b,option_c,option_d,correct,explanation
"Your audience complains constantly about the problem but has never heard that solutions exist. Your first message should:","List your product's features and pricing","Show testimonials and handle objections","Announce that this problem is solvable — introduce the solution category","Offer a discount that expires tonight","C","They're problem-aware. Features, proof and urgency belong to later rooms; the problem-aware need to hear a solution exists at all."
"The 'most aware' segment of an audience needs:","A vivid renaming of their problem","An education in why the problem matters","A comparison against every competitor","An occasion to act — a deadline, a reason to do it today","D","The most aware are convinced and simply haven't moved. More persuasion is noise; a nudge — a real deadline or occasion — is the message."
"Why does naming a problem with uncomfortable precision persuade?","Precision makes the message longer and more thorough","It proves you've been inside the problem, which implies you know the way out","Audiences prefer complicated language","It filters out readers who can't follow details","B","Specificity reads as mind-reading: 'you rewrote that email four times' earns more trust than 'communication is hard', because insight into the problem implies possession of the exit."
"'Attention: freelancers' underperforms 'You've finished the work — now comes the part you hate: asking to be paid' because:","The second sentence is grammatically superior","The first is a census category; the second mirrors a lived interior moment","Freelancers dislike being addressed directly","Longer openings always perform better","B","Good mirrors reflect behaviour and private thoughts, not demographics. The interior detail creates the 'how did you know?' effect."
"The right sequence for mirror and exclusion is:","Exclude first to filter, then mirror the survivors","Mirror first (recognition), then draw the line (choice)","Use only one, never both","Alternate them sentence by sentence","B","Recognition then confirmation: the reader sees themselves, then the line converts agreement into an act of choosing — and chosen positions get defended."
"'This isn't for beginners' versus mocking beginners — the difference matters because:","Both are equally effective boundary-setting","Boundaries define standards; contempt broadcasts insecurity and repels the audience you'd serve later","Mocking is fine if the product is good","Exclusion should never be stated openly","B","Exclude on commitment, values and fit. Punching down reads instantly as insecurity and burns future goodwill."
"Painting a transformation works because:","Audiences enjoy fiction","Vividly imagining an experience engages much of the same machinery as living it — a free sample of the destination","It fills space before the call to action","Abstract promises are legally safer","B","Imagination is rehearsal. A painted future gives a felt preview — which is why the scene must be concrete enough to render."
"The better transformation line is:","'Transform your entire financial life'","'Unlock your limitless potential'","'It's Tuesday morning; you've sent the invoice without rereading it once'","'Experience a paradigm shift in workflow optimisation'","C","Paint at the resolution of one ordinary moment. Grand abstractions render nothing; a small concrete scene renders instantly and feels inevitable."
"A good first step is:","A complete plan for the whole journey, to show seriousness","So small it embarrasses the excuses, and immediately rewarding enough to suggest step two","Deliberately difficult, to filter for commitment","Optional, mentioned only in the footnotes","B","Change dies in the gap between conviction and action. Shrink the ask to a single footprint; started tasks generate their own pressure to continue."
"The five levers in working order are:","Transformation → exclusion → problem → step → mirror","Problem → mirror → line → transformation → first step","Mirror → problem → transformation → line → first step","First step → problem → mirror → transformation → line","B","Attention (problem), recognition (mirror), choice (line), desire (transformation), action (first step). Few messages need all five, but every working message runs at least one."
